cue,response
car,Drive speed transport freedom engine
car,vehicle speed travel freedom transport
car,vehicle speed drive transport freedom
car,vehicle speed travel drive road
car,Vehicle Speed Travel Comfort Engine
car,vehicle speed travel engine road
car,drive speed transportation road wheels
car,Drive speed transport wheels engine
car,drive speed road travel vehicle
car,vehicle speed transport travel road
plant,Green growth sunshine nature oxygen
plant,photosynthesis green nature growth oxygen
plant,Green Growth Nature Oxygen Soil
plant,Green growth oxygen photosynthesis foliage
plant,Green growth oxygen nature soil
plant,Growth Green Nature Oxygen Life
plant,Photosynthesis Green Growth Nature Garden
plant,Green growth nature photosynthesis earth
plant,Growth Nature Green Oxygen Soil
plant,Green Growth Photosynthesis Nature Soil
warm,Cozy Comfort Sunlight Heat Blanket
warm,cozy sunshine comfort heat affection
warm,Cozy Comfort Heat Sunlight Relaxation
warm,Cozy Comfort Heat Sunlight Love
warm,Cozy Comfort Heat Sun Gentle
warm,Cozy Comfort Heat Sunlight Toasty
warm,cozy sunny comforting heat pleasant
warm,cozy comfort heat sun affection
warm,Cozy Sunlight Comfort Heat Embrace
warm,cozy comfort heat sunshine love
heavy,Weighty Dense Solid Burdensome Stark
heavy,Weighty Dense Solid Burdensome Strong
heavy,Weightful Dense Burdensome Solid Serious
heavy,weight dense burden substantial load
heavy,weight burden dense load force
heavy,weight dense burden solidload enormous
heavy,weight burden dense load solid
heavy,Weighty Dense Burdened Load Solid
heavy,Weighty Solid Burdensome Dense Massive
heavy,weight dense burdensome solid cumbersome
read,Books Knowledge Imagination Escape Learning
read,books knowledge imagination learning escape
read,Books Knowledge Imagination Learning Enjoyment
read,Books Knowledge Understanding Imagination Escape
read,Books Knowledge Learning Imagination Escape
read,books knowledge learning imagination escape
read,Books Knowledge Imagination Learning Escape
read,Books Knowledge Imagination Understanding Adventure
read,Books Knowledge Imagination Learning Focus
read,books knowledge learning imagination escape
coffee,caffeine aroma morning energy warmth
coffee,Brewed Aroma Caffeine Energy Warmth
coffee,Caffeine Aroma Warmth Energy Coffeehouse
coffee,caffeine aroma energy warmth ritual
coffee,Brewed aroma energy java warmth
coffee,Caffeine aroma warmth energy morning
coffee,Caffeine Aroma Comfort Energy Ritual
coffee,Caffeine Aroma Warmth Energy Ritual
coffee,Caffeine Aroma Espresso Morning Relaxation
coffee,Caffeine Aroma Brew Morning Energy
yogurt,Creamy Probiotic Delicious Healthy Snack
yogurt,Creamy Probiotic Delicious Healthy Snack
yogurt,Creamy delicious probiotic healthy snack
yogurt,Creamy Probiotic Healthy Snack Fruit
yogurt,Creamy Tangy Probiotic Snack Healthy
yogurt,Creamy Delicious Probiotic Healthy Snack
yogurt,Creamy Tangy Healthy Probiotic Delicious
yogurt,Creamy healthy probiotic tangy dessert
yogurt,Creamy Probiotic Flavor Healthy Snack Tart
yogurt,Creamy healthy probiotic dessert tangy
